"0","glimpse(HR)
"
"1","Rows: 8,803"
"1",""
"1","
"
"1","Columns: 22"
"1",""
"1","
"
"1","$ year       [3m[38;5;246m<dbl>[39m[23m 1996[38;5;246m, [39m1996[38;5;246m, [39m1996[38;5;246m, [39m1996[38;5;246m, [39m1996[38;5;246m, [39m1996[38;5;246m, [39m1996[38;5;246m, [39m1996‚Ä¶
$ ku         [3m[38;5;246m<chr>[39m[23m ""aichi""[38;5;246m, [39m""aichi""[38;5;246m, [39m""aichi""[38;5;246m, [39m""aichi""[38;5;246m, [39m""aichi""[38;5;246m, [39m""‚Ä¶
$ kun        [3m[38;5;246m<dbl>[39m[23m 1[38;5;246m, [39m1[38;5;246m, [39m1[38;5;246m, [39m1[38;5;246m, [39m1[38;5;246m, [39m1[38;5;246m, [39m1[38;5;246m, [39m2[38;5;246m, [39m2[38;5;246m, [39m2[38;5;246m, [39m2[38;5;246m, [39m2[38;5;246m, [39m2[38;5;246m, [39m2[38;5;246m, [39m2[38;5;246m, [39m3‚Ä¶
$ status     [3m[38;5;246m<chr>[39m[23m ""ÁèæËÅ∑""[38;5;246m, [39m""ÂÖÉËÅ∑""[38;5;246m, [39m""ÁèæËÅ∑""[38;5;246m, [39m""Êñ∞‰∫∫""[38;5;246m, [39m""Êñ∞‰∫∫""[38;5;246m, [39m""Êñ∞‰∫∫""[38;5;246m, [39m""Êñ∞‰∫∫""[38;5;246m, [39m""ÁèæËÅ∑""‚Ä¶
$ name       [3m[38;5;246m<chr>[39m[23m ""KAWAMURA, TAKASHI""[38;5;246m, [39m""IMAEDA, NORIO""[38;5;246m, [39m""SATO, T‚Ä¶
$ party      [3m[38;5;246m<chr>[39m[23m ""NFP""[38;5;246m, [39m""LDP""[38;5;246m, [39m""DPJ""[38;5;246m, [39m""JCP""[38;5;246m, [39m""others""[38;5;246m, [39m""kokumin‚Ä¶
$ party_code [3m[38;5;246m<dbl>[39m[23m 8[38;5;246m, [39m1[38;5;246m, [39m3[38;5;246m, [39m2[38;5;246m, [39m100[38;5;246m, [39m22[38;5;246m, [39m99[38;5;246m, [39m8[38;5;246m, [39m1[38;5;246m, [39m3[38;5;246m, [39m2[38;5;246m, [39m10[38;5;246m, [39m100[38;5;246m, [39m‚Ä¶
$ previous   [3m[38;5;246m<dbl>[39m[23m 2[38;5;246m, [39m3[38;5;246m, [39m2[38;5;246m, [39m0[38;5;246m, [39m0[38;5;246m, [39m0[38;5;246m, [39m0[38;5;246m, [39m1[38;5;246m, [39m1[38;5;246m, [39m0[38;5;246m, [39m0[38;5;246m, [39m0[38;5;246m, [39m0[38;5;246m, [39m0[38;5;246m, [39m0[38;5;246m, [39m1‚Ä¶
$ wl         [3m[38;5;246m<chr>[39m[23m ""ÂΩìÈÅ∏""[38;5;246m, [39m""ËêΩÈÅ∏""[38;5;246m, [39m""ËêΩÈÅ∏""[38;5;246m, [39m""ËêΩÈÅ∏""[38;5;246m, [39m""ËêΩÈÅ∏""[38;5;246m, [39m""ËêΩÈÅ∏""[38;5;246m, [39m""ËêΩÈÅ∏""[38;5;246m, [39m""ÂΩìÈÅ∏""‚Ä¶
$ voteshare  [3m[38;5;246m<dbl>[39m[23m 40.0[38;5;246m, [39m25.7[38;5;246m, [39m20.1[38;5;246m, [39m13.3[38;5;246m, [39m0.4[38;5;246m, [39m0.3[38;5;246m, [39m0.2[38;5;246m, [39m32.9[38;5;246m, [39m2‚Ä¶
$ age        [3m[38;5;246m<dbl>[39m[23m 47[38;5;246m, [39m72[38;5;246m, [39m53[38;5;246m, [39m43[38;5;246m, [39m51[38;5;246m, [39m51[38;5;246m, [39m45[38;5;246m, [39m51[38;5;246m, [39m71[38;5;246m, [39m30[38;5;246m, [39m31[38;5;246m, [39m44‚Ä¶
$ nocand     [3m[38;5;246m<dbl>[39m[23m 7[38;5;246m, [39m7[38;5;246m, [39m7[38;5;246m, [39m7[38;5;246m, [39m7[38;5;246m, [39m7[38;5;246m, [39m7[38;5;246m, [39m8[38;5;246m, [39m8[38;5;246m, [39m8[38;5;246m, [39m8[38;5;246m, [39m8[38;5;246m, [39m8[38;5;246m, [39m8[38;5;246m, [39m8[38;5;246m, [39m7‚Ä¶
$ rank       [3m[38;5;246m<dbl>[39m[23m 1[38;5;246m, [39m2[38;5;246m, [39m3[38;5;246m, [39m4[38;5;246m, [39m5[38;5;246m, [39m6[38;5;246m, [39m7[38;5;246m, [39m1[38;5;246m, [39m2[38;5;246m, [39m3[38;5;246m, [39m4[38;5;246m, [39m5[38;5;246m, [39m6[38;5;246m, [39m7[38;5;246m, [39m8[38;5;246m, [39m1‚Ä¶
$ vote       [3m[38;5;246m<dbl>[39m[23m 66876[38;5;246m, [39m42969[38;5;246m, [39m33503[38;5;246m, [39m22209[38;5;246m, [39m616[38;5;246m, [39m566[38;5;246m, [39m312[38;5;246m, [39m561‚Ä¶
$ eligible   [3m[38;5;246m<dbl>[39m[23m 346774[38;5;246m, [39m346774[38;5;246m, [39m346774[38;5;246m, [39m346774[38;5;246m, [39m346774[38;5;246m, [39m346774‚Ä¶
$ turnout    [3m[38;5;246m<dbl>[39m[23m 49.2[38;5;246m, [39m49.2[38;5;246m, [39m49.2[38;5;246m, [39m49.2[38;5;246m, [39m49.2[38;5;246m, [39m49.2[38;5;246m, [39m49.2[38;5;246m, [39m51.8‚Ä¶
$ exp        [3m[38;5;246m<dbl>[39m[23m 9828097[38;5;246m, [39m9311555[38;5;246m, [39m9231284[38;5;246m, [39m2177203[38;5;246m, [39m[31mNA[39m[38;5;246m, [39m[31mNA[39m[38;5;246m, [39m[31mNA[39m‚Ä¶
$ expm       [3m[38;5;246m<dbl>[39m[23m 9.828097[38;5;246m, [39m9.311555[38;5;246m, [39m9.231284[38;5;246m, [39m2.177203[38;5;246m, [39m[31mNA[39m[38;5;246m, [39m[31mNA[39m‚Ä¶
$ vs         [3m[38;5;246m<dbl>[39m[23m 0.400[38;5;246m, [39m0.257[38;5;246m, [39m0.201[38;5;246m, [39m0.133[38;5;246m, [39m0.004[38;5;246m, [39m0.003[38;5;246m, [39m0.00‚Ä¶
$ exppv      [3m[38;5;246m<dbl>[39m[23m 28.341505[38;5;246m, [39m26.851941[38;5;246m, [39m26.620462[38;5;246m, [39m6.278449[38;5;246m, [39m[31mNA[39m[38;5;246m,[39m‚Ä¶
$ smd        [3m[38;5;246m<chr>[39m[23m ""ÂΩìÈÅ∏""[38;5;246m, [39m""ËêΩÈÅ∏""[38;5;246m, [39m""ËêΩÈÅ∏""[38;5;246m, [39m""ËêΩÈÅ∏""[38;5;246m, [39m""ËêΩÈÅ∏""[38;5;246m, [39m""ËêΩÈÅ∏""[38;5;246m, [39m""ËêΩÈÅ∏""[38;5;246m, [39m""ÂΩìÈÅ∏""‚Ä¶
$ party_jpn  [3m[38;5;246m<chr>[39m[23m ""Êñ∞ÈÄ≤ÂÖö""[38;5;246m, [39m""Ëá™Ê∞ëÂÖö""[38;5;246m, [39m""Ê∞ë‰∏ªÂÖö""[38;5;246m, [39m""ÂÖ±Áî£ÂÖö""[38;5;246m, [39m""„Åù„ÅÆ‰ªñ""[38;5;246m, [39m""ÂõΩÊ∞ëÂÖö""[38;5;246m, [39m""ÁÑ°ÊâÄÂ±û‚Ä¶"
"1",""
"1","
"
